{
   "dashboards": [{
      "autoswitchDelay": 300,
      "autoswitchEnabled": false,
      "autoswitchTabId": "null",
      "columnCount": 1,
      "columnProportion": "1",
      "creationTime": 1582925119493,
      "dashboardNavigations": {},
      "description": "",
      "disabled": false,
      "gridsterMaxColumns": 12,
      "hidden": false,
      "homeTab": false,
      "id": "36297b0d-279e-4bdd-96c3-3ccb74a4ddd8",
      "importAttempts": 0,
      "importComplete": true,
      "isDefault": false,
      "locked": false,
      "name": "Example Dashboards (GBrandon)/Reclaimable Resources Details",
      "namePath": "Example Dashboards (GBrandon)",
      "rank": 17,
      "shared": true,
      "states": [],
      "temporary": false,
      "userId": "6df558f7-25df-4222-96b9-ade784399d19",
      "widgetInteractions": [
         {
            "type": "resourceId",
            "widgetIdProvider": "dcd1ead7-4ef0-45ac-88b7-1b380d8948ba",
            "widgetIdReceiver": "29e67a74-e12a-412a-a246-10ecba6e94eb"
         },
         {
            "type": "resourceId",
            "widgetIdProvider": "dcd1ead7-4ef0-45ac-88b7-1b380d8948ba",
            "widgetIdReceiver": "e76bdee5-8025-47c4-afb6-c0988af46a4b"
         },
         {
            "type": "resourceId",
            "widgetIdProvider": "dcd1ead7-4ef0-45ac-88b7-1b380d8948ba",
            "widgetIdReceiver": "e5908279-6e07-40f5-a99e-10d9a69b109f"
         },
         {
            "type": "resourceId",
            "widgetIdProvider": "dcd1ead7-4ef0-45ac-88b7-1b380d8948ba",
            "widgetIdReceiver": "e3f7ab14-0ec5-4e7a-84d5-ea5f33752884"
         }
      ],
      "widgets": [
         {
            "collapsed": false,
            "config": {
               "additionalColumns": [],
               "customFilter": {
                  "excludedResources": null,
                  "filter": [],
                  "includedResources": null
               },
               "depth": 1,
               "filterMode": "tagPicker",
               "mode": "all",
               "refreshContent": {"refreshContent": false},
               "refreshInterval": 300,
               "relationshipMode": {"relationshipMode": 0},
               "resource": [],
               "selectFirstRow": {"selectFirstRow": false},
               "selfProvider": {"selfProvider": true},
               "tagFilter": {
                  "path": [
                     "/source/kind/kind:resourceKind:id:0_::_",
                     "/source/kind/kind:resourceKind:id:1_::_",
                     "/source/kind/kind:resourceKind:id:2_::_",
                     "/source/kind/kind:resourceKind:id:3_::_"
                  ],
                  "value": {
                     "adapterInstance": [],
                     "adapterKind": [],
                     "bus": [],
                     "collector": [],
                     "day": [],
                     "exclaim": false,
                     "healthRange": [],
                     "kind": [
                        "resourceKind:id:0_::_",
                        "resourceKind:id:1_::_",
                        "resourceKind:id:2_::_",
                        "resourceKind:id:3_::_"
                     ],
                     "maintenanceSchedule": [],
                     "state": [],
                     "status": [],
                     "tag": [],
                     "tier": []
                  }
               },
               "title": "Select an Object"
            },
            "gridsterCoords": {
               "h": 20,
               "w": 3,
               "x": 1,
               "y": 1
            },
            "height": 1122,
            "id": "dcd1ead7-4ef0-45ac-88b7-1b380d8948ba",
            "states": [
               {
                  "key": "permResGrid_widget_36297b0d-279e-4bdd-96c3-3ccb74a4ddd8_dcd1ead7-4ef0-45ac-88b7-1b380d8948ba",
                  "value": "o%3Acolumns%3Da%253Ao%25253Aid%25253Ds%2525253Ah1%25255Ehidden%25253Db%2525253A1%25255Ewidth%25253Dn%2525253A100%255Eo%25253Aid%25253Ds%2525253Ah2%255Eo%25253Aid%25253Ds%2525253Ah3%25255Ehidden%25253Db%2525253A1%25255Ewidth%25253Dn%2525253A100%255Eo%25253Aid%25253Ds%2525253Ah4%25255Ehidden%25253Db%2525253A1%255Eo%25253Aid%25253Ds%2525253Ah5%25255Ewidth%25253Dn%2525253A180%255Eo%25253Aid%25253Ds%2525253Ah6%25255Ehidden%25253Db%2525253A1%255Eo%25253Aid%25253Ds%2525253Ah7%25255Ehidden%25253Db%2525253A1%25255Ewidth%25253Dn%2525253A100%255Eo%25253Aid%25253Ds%2525253Ah8%25255Ehidden%25253Db%2525253A1%25255Ewidth%25253Dn%2525253A100%255Eo%25253Aid%25253Ds%2525253Ah9%25255Ehidden%25253Db%2525253A1%25255Ewidth%25253Dn%2525253A100%255Eo%25253Aid%25253Ds%2525253Ah10%25255Ehidden%25253Db%2525253A1%25255Ewidth%25253Dn%2525253A100%255Eo%25253Aid%25253Ds%2525253Ah11%25255Ehidden%25253Db%2525253A1%25255Ewidth%25253Dn%2525253A100%255Eo%25253Aid%25253Ds%2525253Ah12%25255Ehidden%25253Db%2525253A1%25255Ewidth%25253Dn%2525253A100%255Eo%25253Aid%25253Ds%2525253Ah13%25255Ehidden%25253Db%2525253A1%25255Ewidth%25253Dn%2525253A100%255Eo%25253Aid%25253Ds%2525253Ah14%25255Ehidden%25253Db%2525253A1%255Eo%25253Aid%25253Ds%2525253Ah15%25255Ehidden%25253Db%2525253A1%255Eo%25253Aid%25253Ds%2525253Ah16%25255Ehidden%25253Db%2525253A1%25255Ewidth%25253Dn%2525253A100%255Eo%25253Aid%25253Ds%2525253Ah17%25255Ehidden%25253Db%2525253A1%25255Ewidth%25253Dn%2525253A100%255Eo%25253Aid%25253Ds%2525253Ah18%25255Ehidden%25253Db%2525253A1%25255Ewidth%25253Dn%2525253A100%255Eo%25253Aid%25253Ds%2525253Ah19%25255Ehidden%25253Db%2525253A1%25255Ewidth%25253Dn%2525253A100%255Eo%25253Aid%25253Ds%2525253Ah20%25255Ehidden%25253Db%2525253A1%25255Ewidth%25253Dn%2525253A100%255Eo%25253Aid%25253Ds%2525253Ah21%25255Ehidden%25253Db%2525253A1%25255Ewidth%25253Dn%2525253A100%255Eo%25253Aid%25253Ds%2525253Ah22%25255Ehidden%25253Db%2525253A1%25255Ewidth%25253Dn%2525253A100%255Eo%25253Aid%25253Ds%2525253Ah23%25255Ehidden%25253Db%2525253A1%25255Ewidth%25253Dn%2525253A100%255Eo%25253Aid%25253Ds%2525253Ah24%25255Ehidden%25253Db%2525253A1%25255Ewidth%25253Dn%2525253A100%255Eo%25253Aid%25253Ds%2525253Ah25%25255Ehidden%25253Db%2525253A1%25255Ewidth%25253Dn%2525253A100%255Eo%25253Aid%25253Ds%2525253Ah26%25255Ehidden%25253Db%2525253A1%25255Ewidth%25253Dn%2525253A100%255Eo%25253Aid%25253Ds%2525253Ah27%25255Ehidden%25253Db%2525253A1%25255Ewidth%25253Dn%2525253A100%255Eo%25253Aid%25253Ds%2525253Ah28%25255Ehidden%25253Db%2525253A1%25255Ewidth%25253Dn%2525253A100%255Eo%25253Aid%25253Ds%2525253Ah29%25255Ehidden%25253Db%2525253A1%25255Ewidth%25253Dn%2525253A100%255Eo%25253Aid%25253Ds%2525253Ah30%25255Ehidden%25253Db%2525253A1%25255Ewidth%25253Dn%2525253A100%255Eo%25253Aid%25253Ds%2525253Ah31%25255Ehidden%25253Db%2525253A1%25255Ewidth%25253Dn%2525253A100%255Eo%25253Aid%25253Ds%2525253Ah32%25255Ehidden%25253Db%2525253A1%25255Ewidth%25253Dn%2525253A100%255Eo%25253Aid%25253Ds%2525253Ah33%25255Ehidden%25253Db%2525253A1%25255Ewidth%25253Dn%2525253A100%255Eo%25253Aid%25253Ds%2525253Ah34%25255Ehidden%25253Db%2525253A1%25255Ewidth%25253Dn%2525253A100%255Eo%25253Aid%25253Ds%2525253Ah35%25255Ehidden%25253Db%2525253A1%25255Ewidth%25253Dn%2525253A100%255Eo%25253Aid%25253Ds%2525253Ah36%25255Ehidden%25253Db%2525253A1%25255Ewidth%25253Dn%2525253A100%255Eo%25253Aid%25253Ds%2525253Ah37%25255Ehidden%25253Db%2525253A1%25255Ewidth%25253Dn%2525253A100%255Eo%25253Aid%25253Ds%2525253Ah38%25255Ehidden%25253Db%2525253A1%25255Ewidth%25253Dn%2525253A100%255Eo%25253Aid%25253Ds%2525253Ah39%25255Ehidden%25253Db%2525253A1%25255Ewidth%25253Dn%2525253A100%255Eo%25253Aid%25253Ds%2525253Ah40%25255Ehidden%25253Db%2525253A1%25255Ewidth%25253Dn%2525253A100%255Eo%25253Aid%25253Ds%2525253Ah41%25255Ehidden%25253Db%2525253A1%25255Ewidth%25253Dn%2525253A100%255Eo%25253Aid%25253Ds%2525253Ah42%25255Ehidden%25253Db%2525253A1%25255Ewidth%25253Dn%2525253A100%255Eo%25253Aid%25253Ds%2525253Ah43%25255Ehidden%25253Db%2525253A1%25255Ewidth%25253Dn%2525253A100%255Eo%25253Aid%25253Ds%2525253Ah44%25255Ehidden%25253Db%2525253A1%25255Ewidth%25253Dn%2525253A100%255Eo%25253Aid%25253Ds%2525253Ah45%25255Ehidden%25253Db%2525253A1%25255Ewidth%25253Dn%2525253A100%255Eo%25253Aid%25253Ds%2525253Ah46%25255Ehidden%25253Db%2525253A1%25255Ewidth%25253Dn%2525253A100%5EstoreState%3Do%253Asorters%253Da%25253Ao%2525253Aroot%2525253Ds%252525253Adata%2525255Eproperty%2525253Ds%252525253AresourceKind%2525255Edirection%2525253Ds%252525253ADESC%2525255Eid%2525253Ds%252525253AresourceKind"
               },
               {
                  "key": "perm_toolbarVisible_widget_36297b0d-279e-4bdd-96c3-3ccb74a4ddd8_dcd1ead7-4ef0-45ac-88b7-1b380d8948ba",
                  "value": "b%3A0"
               }
            ],
            "title": "Select an Object",
            "type": "ResourceList"
         },
         {
            "collapsed": false,
            "config": {
               "chartViewItems": [],
               "isUpdatedView": true,
               "refreshContent": {"refreshContent": false},
               "refreshInterval": 300,
               "resource": null,
               "selectFirstRow": {"selectFirstRow": false},
               "selfProvider": {"selfProvider": false},
               "title": "Reclaimable VM Snapshots Details",
               "traversalSpecId": "",
               "viewDefinitionId": "9cd06060-dce4-4e4e-a870-c4e3c0ca8194"
            },
            "gridsterCoords": {
               "h": 5,
               "w": 9,
               "x": 4,
               "y": 11
            },
            "height": 267,
            "id": "29e67a74-e12a-412a-a246-10ecba6e94eb",
            "states": [{
               "key": "perm_toolbarVisible_widget_36297b0d-279e-4bdd-96c3-3ccb74a4ddd8_29e67a74-e12a-412a-a246-10ecba6e94eb",
               "value": "b%3A0"
            }],
            "title": "Reclaimable VM Snapshots Details",
            "type": "View"
         },
         {
            "collapsed": false,
            "config": {
               "chartViewItems": [],
               "isUpdatedView": true,
               "refreshContent": {"refreshContent": false},
               "refreshInterval": 300,
               "resource": null,
               "selectFirstRow": {"selectFirstRow": false},
               "selfProvider": {"selfProvider": false},
               "title": "Reclaimable Idle VMs",
               "traversalSpecId": "",
               "viewDefinitionId": "76ae764e-bc53-4e48-a570-2e9d502f013c"
            },
            "gridsterCoords": {
               "h": 5,
               "w": 9,
               "x": 4,
               "y": 6
            },
            "height": 267,
            "id": "e76bdee5-8025-47c4-afb6-c0988af46a4b",
            "states": [{
               "key": "perm_toolbarVisible_widget_36297b0d-279e-4bdd-96c3-3ccb74a4ddd8_e76bdee5-8025-47c4-afb6-c0988af46a4b",
               "value": "b%3A0"
            }],
            "title": "Reclaimable Idle VMs",
            "type": "View"
         },
         {
            "collapsed": false,
            "config": {
               "chartViewItems": [],
               "isUpdatedView": true,
               "refreshContent": {"refreshContent": false},
               "refreshInterval": 300,
               "resource": null,
               "selectFirstRow": {"selectFirstRow": false},
               "selfProvider": {"selfProvider": false},
               "title": "Reclaimable Powered Off VMs",
               "traversalSpecId": "",
               "viewDefinitionId": "611825cb-1103-4f0b-89f7-0196512ed86f"
            },
            "gridsterCoords": {
               "h": 5,
               "w": 9,
               "x": 4,
               "y": 1
            },
            "height": 267,
            "id": "e5908279-6e07-40f5-a99e-10d9a69b109f",
            "states": [{
               "key": "perm_toolbarVisible_widget_36297b0d-279e-4bdd-96c3-3ccb74a4ddd8_e5908279-6e07-40f5-a99e-10d9a69b109f",
               "value": "b%3A0"
            }],
            "title": "Reclaimable Powered Off VMs",
            "type": "View"
         },
         {
            "collapsed": false,
            "config": {
               "chartViewItems": [],
               "isUpdatedView": true,
               "refreshContent": {"refreshContent": false},
               "refreshInterval": 300,
               "resource": null,
               "selectFirstRow": {"selectFirstRow": false},
               "selfProvider": {"selfProvider": false},
               "title": "Datastores with Orphaned Disks",
               "traversalSpecId": "",
               "viewDefinitionId": "b9f0a5bc-f324-47da-b4a2-c1b8262f59e2"
            },
            "gridsterCoords": {
               "h": 5,
               "w": 9,
               "x": 4,
               "y": 16
            },
            "height": 267,
            "id": "e3f7ab14-0ec5-4e7a-84d5-ea5f33752884",
            "title": "Datastores with Orphaned Disks",
            "type": "View"
         }
      ]
   }],
   "entries": {"resourceKind": [
      {
         "adapterKindKey": "VMWARE",
         "internalId": "resourceKind:id:3_::_",
         "resourceKindKey": "Datacenter"
      },
      {
         "adapterKindKey": "VMWARE",
         "internalId": "resourceKind:id:2_::_",
         "resourceKindKey": "CustomDatacenter"
      },
      {
         "adapterKindKey": "VMWARE",
         "internalId": "resourceKind:id:1_::_",
         "resourceKindKey": "ClusterComputeResource"
      },
      {
         "adapterKindKey": "VMWARE",
         "internalId": "resourceKind:id:0_::_",
         "resourceKindKey": "vSphere World"
      }
   ]},
   "uuid": "84e96dd0-cb5b-4d2d-b6b6-1c63e41e95a6"
}