{
   "dashboards": [{
      "autoswitchDelay": 300,
      "autoswitchEnabled": false,
      "autoswitchTabId": "null",
      "columnCount": 1,
      "columnProportion": "1",
      "creationTime": 1582925119493,
      "dashboardNavigations": {},
      "description": "",
      "disabled": false,
      "gridsterMaxColumns": 12,
      "hidden": false,
      "homeTab": false,
      "id": "36297b0d-279e-4bdd-96c3-3ccb74a4ddd8",
      "importAttempts": 0,
      "importComplete": true,
      "lastUpdateTime": 1588181920441,
      "lastUpdateUserId": "6df558f7-25df-4222-96b9-ade784399d19",
      "locked": false,
      "name": "Shared Dashboards (GBrandon)/Cost/Reclaimable Resources Details",
      "namePath": "Shared Dashboards (GBrandon)/Cost",
      "rank": 0,
      "shared": true,
      "states": [],
      "temporary": false,
      "userId": "6df558f7-25df-4222-96b9-ade784399d19",
      "widgetInteractions": [
         {
            "type": "resourceId",
            "widgetIdProvider": "dcd1ead7-4ef0-45ac-88b7-1b380d8948ba",
            "widgetIdReceiver": "29e67a74-e12a-412a-a246-10ecba6e94eb"
         },
         {
            "type": "resourceId",
            "widgetIdProvider": "dcd1ead7-4ef0-45ac-88b7-1b380d8948ba",
            "widgetIdReceiver": "e76bdee5-8025-47c4-afb6-c0988af46a4b"
         },
         {
            "type": "resourceId",
            "widgetIdProvider": "dcd1ead7-4ef0-45ac-88b7-1b380d8948ba",
            "widgetIdReceiver": "e5908279-6e07-40f5-a99e-10d9a69b109f"
         },
         {
            "type": "resourceId",
            "widgetIdProvider": "dcd1ead7-4ef0-45ac-88b7-1b380d8948ba",
            "widgetIdReceiver": "e3f7ab14-0ec5-4e7a-84d5-ea5f33752884"
         },
         {
            "type": "resourceId",
            "widgetIdProvider": "dcd1ead7-4ef0-45ac-88b7-1b380d8948ba",
            "widgetIdReceiver": "a4bedd59-2d7c-4e4c-9950-a7ddeddf7ad4"
         }
      ],
      "widgets": [
         {
            "collapsed": false,
            "config": {
               "additionalColumns": [
                  {
                     "boxLabel": "Idle VMs - Potential Savings",
                     "metricKey": "reclaimable|idle_vms|cost",
                     "metricName": "Reclaimable|Idle VMs|Potential Savings (US$)",
                     "resourceKindId": "resourceKind:id:1_::_"
                  },
                  {
                     "boxLabel": "Powered Off VMs - Potential Savings",
                     "metricKey": "reclaimable|poweredOff_vms|cost",
                     "metricName": "Reclaimable|Powered Off VMs|Potential Savings (US$)",
                     "resourceKindId": "resourceKind:id:1_::_"
                  },
                  {
                     "boxLabel": "VM Snapshots - Potential Savings",
                     "metricKey": "reclaimable|vm_snapshots|cost",
                     "metricName": "Reclaimable|VM Snapshots|Potential Savings (US$)",
                     "resourceKindId": "resourceKind:id:1_::_"
                  },
                  {
                     "boxLabel": "Orphaned Disks - Potential Savings",
                     "metricKey": "reclaimable|orphaned_disk|cost",
                     "metricName": "Reclaimable|Orphaned Disks|Potential Savings (US$)",
                     "resourceKindId": "resourceKind:id:1_::_"
                  }
               ],
               "customFilter": {
                  "excludedResources": null,
                  "filter": [],
                  "includedResources": null
               },
               "depth": 1,
               "filterMode": "tagPicker",
               "mode": "all",
               "refreshContent": {"refreshContent": false},
               "refreshInterval": 300,
               "relationshipMode": {"relationshipMode": 0},
               "resource": [],
               "selectFirstRow": {"selectFirstRow": false},
               "selfProvider": {"selfProvider": true},
               "tagFilter": {
                  "path": [
                     "/source/kind/kind:resourceKind:id:0_::_",
                     "/source/kind/kind:resourceKind:id:1_::_",
                     "/source/kind/kind:resourceKind:id:2_::_"
                  ],
                  "value": {
                     "adapterInstance": [],
                     "adapterKind": [],
                     "bus": [],
                     "collector": [],
                     "day": [],
                     "exclaim": false,
                     "healthRange": [],
                     "kind": [
                        "resourceKind:id:0_::_",
                        "resourceKind:id:1_::_",
                        "resourceKind:id:2_::_"
                     ],
                     "maintenanceSchedule": [],
                     "state": [],
                     "status": [],
                     "tag": [],
                     "tier": []
                  }
               },
               "title": "Select an Object"
            },
            "gridsterCoords": {
               "h": 29,
               "w": 4,
               "x": 1,
               "y": 1
            },
            "height": 1635,
            "id": "dcd1ead7-4ef0-45ac-88b7-1b380d8948ba",
            "states": [
               {
                  "key": "permResGrid_widget_36297b0d-279e-4bdd-96c3-3ccb74a4ddd8_dcd1ead7-4ef0-45ac-88b7-1b380d8948ba",
                  "value": "o%3Acolumns%3Da%253Ao%25253Aid%25253Ds%2525253Ah1%25255Ehidden%25253Db%2525253A1%25255Ewidth%25253Dn%2525253A100%255Eo%25253Aid%25253Ds%2525253Ah2%255Eo%25253Aid%25253Ds%2525253Ah3%25255Ehidden%25253Db%2525253A1%25255Ewidth%25253Dn%2525253A100%255Eo%25253Aid%25253Ds%2525253Ah4%25255Ehidden%25253Db%2525253A1%255Eo%25253Aid%25253Ds%2525253Ah5%25255Ewidth%25253Dn%2525253A180%255Eo%25253Aid%25253Ds%2525253Ah6%25255Ehidden%25253Db%2525253A1%255Eo%25253Aid%25253Ds%2525253Ah7%25255Ehidden%25253Db%2525253A1%25255Ewidth%25253Dn%2525253A100%255Eo%25253Aid%25253Ds%2525253Ah8%25255Ehidden%25253Db%2525253A1%25255Ewidth%25253Dn%2525253A100%255Eo%25253Aid%25253Ds%2525253Ah9%25255Ehidden%25253Db%2525253A1%25255Ewidth%25253Dn%2525253A100%255Eo%25253Aid%25253Ds%2525253Ah10%25255Ehidden%25253Db%2525253A1%25255Ewidth%25253Dn%2525253A100%255Eo%25253Aid%25253Ds%2525253Ah11%25255Ehidden%25253Db%2525253A1%25255Ewidth%25253Dn%2525253A100%255Eo%25253Aid%25253Ds%2525253Ah12%25255Ehidden%25253Db%2525253A1%25255Ewidth%25253Dn%2525253A100%255Eo%25253Aid%25253Ds%2525253Ah13%25255Ehidden%25253Db%2525253A1%25255Ewidth%25253Dn%2525253A100%255Eo%25253Aid%25253Ds%2525253Ah14%25255Ehidden%25253Db%2525253A1%255Eo%25253Aid%25253Ds%2525253Ah15%25255Ehidden%25253Db%2525253A1%255Eo%25253Aid%25253Ds%2525253Ah16%25255Ehidden%25253Db%2525253A1%25255Ewidth%25253Dn%2525253A100%255Eo%25253Aid%25253Ds%2525253AresourceRating%25255Ehidden%25253Db%2525253A1%255Eo%25253Aid%25253Ds%2525253Ah18%25255Ehidden%25253Db%2525253A0%25255Ewidth%25253Dn%2525253A100%255Eo%25253Aid%25253Ds%2525253Ah19%25255Ehidden%25253Db%2525253A0%25255Ewidth%25253Dn%2525253A100%255Eo%25253Aid%25253Ds%2525253Ah20%25255Ehidden%25253Db%2525253A0%25255Ewidth%25253Dn%2525253A100%255Eo%25253Aid%25253Ds%2525253Ah21%25255Ehidden%25253Db%2525253A0%25255Ewidth%25253Dn%2525253A100%255Eo%25253Aid%25253Ds%2525253Ah22%25255Ehidden%25253Db%2525253A1%25255Ewidth%25253Dn%2525253A100%255Eo%25253Aid%25253Ds%2525253Ah23%25255Ehidden%25253Db%2525253A1%25255Ewidth%25253Dn%2525253A100%255Eo%25253Aid%25253Ds%2525253Ah24%25255Ehidden%25253Db%2525253A1%25255Ewidth%25253Dn%2525253A100%255Eo%25253Aid%25253Ds%2525253Ah25%25255Ehidden%25253Db%2525253A1%25255Ewidth%25253Dn%2525253A100%255Eo%25253Aid%25253Ds%2525253Ah26%25255Ehidden%25253Db%2525253A1%25255Ewidth%25253Dn%2525253A100%255Eo%25253Aid%25253Ds%2525253Ah27%25255Ehidden%25253Db%2525253A1%25255Ewidth%25253Dn%2525253A100%255Eo%25253Aid%25253Ds%2525253Ah28%25255Ehidden%25253Db%2525253A1%25255Ewidth%25253Dn%2525253A100%255Eo%25253Aid%25253Ds%2525253Ah29%25255Ehidden%25253Db%2525253A1%25255Ewidth%25253Dn%2525253A100%255Eo%25253Aid%25253Ds%2525253Ah30%25255Ehidden%25253Db%2525253A1%25255Ewidth%25253Dn%2525253A100%255Eo%25253Aid%25253Ds%2525253Ah31%25255Ehidden%25253Db%2525253A1%25255Ewidth%25253Dn%2525253A100%255Eo%25253Aid%25253Ds%2525253Ah32%25255Ehidden%25253Db%2525253A1%25255Ewidth%25253Dn%2525253A100%255Eo%25253Aid%25253Ds%2525253Ah33%25255Ehidden%25253Db%2525253A1%25255Ewidth%25253Dn%2525253A100%255Eo%25253Aid%25253Ds%2525253Ah34%25255Ehidden%25253Db%2525253A1%25255Ewidth%25253Dn%2525253A100%255Eo%25253Aid%25253Ds%2525253Ah35%25255Ehidden%25253Db%2525253A1%25255Ewidth%25253Dn%2525253A100%255Eo%25253Aid%25253Ds%2525253Ah36%25255Ehidden%25253Db%2525253A1%25255Ewidth%25253Dn%2525253A100%255Eo%25253Aid%25253Ds%2525253Ah37%25255Ehidden%25253Db%2525253A1%25255Ewidth%25253Dn%2525253A100%255Eo%25253Aid%25253Ds%2525253Ah38%25255Ehidden%25253Db%2525253A1%25255Ewidth%25253Dn%2525253A100%255Eo%25253Aid%25253Ds%2525253Ah39%25255Ehidden%25253Db%2525253A1%25255Ewidth%25253Dn%2525253A100%255Eo%25253Aid%25253Ds%2525253Ah40%25255Ehidden%25253Db%2525253A1%25255Ewidth%25253Dn%2525253A100%255Eo%25253Aid%25253Ds%2525253Ah41%25255Ehidden%25253Db%2525253A1%25255Ewidth%25253Dn%2525253A100%255Eo%25253Aid%25253Ds%2525253Ah42%25255Ehidden%25253Db%2525253A1%25255Ewidth%25253Dn%2525253A100%255Eo%25253Aid%25253Ds%2525253Ah43%25255Ehidden%25253Db%2525253A1%25255Ewidth%25253Dn%2525253A100%255Eo%25253Aid%25253Ds%2525253Ah44%25255Ehidden%25253Db%2525253A1%25255Ewidth%25253Dn%2525253A100%255Eo%25253Aid%25253Ds%2525253Ah45%25255Ehidden%25253Db%2525253A1%25255Ewidth%25253Dn%2525253A100%255Eo%25253Aid%25253Ds%2525253Ah46%25255Ehidden%25253Db%2525253A1%25255Ewidth%25253Dn%2525253A100%255Eo%25253Aid%25253Ds%2525253Ah47%25255Ehidden%25253Db%2525253A1%25255Ewidth%25253Dn%2525253A100%5EstoreState%3Do%253Asorters%253Da%25253Ao%2525253Aroot%2525253Ds%252525253Adata%2525255Eproperty%2525253Ds%252525253AresourceKind%2525255Edirection%2525253Ds%252525253ADESC%2525255Eid%2525253Ds%252525253AresourceKind"
               },
               {
                  "key": "perm_toolbarVisible_widget_36297b0d-279e-4bdd-96c3-3ccb74a4ddd8_dcd1ead7-4ef0-45ac-88b7-1b380d8948ba",
                  "value": "b%3A1"
               }
            ],
            "title": "Select an Object",
            "type": "ResourceList"
         },
         {
            "collapsed": false,
            "config": {
               "chartViewItems": [],
               "isUpdatedView": true,
               "refreshContent": {"refreshContent": false},
               "refreshInterval": 300,
               "resource": null,
               "selectFirstRow": {"selectFirstRow": false},
               "selfProvider": {"selfProvider": false},
               "title": "Reclaimable VM Snapshots Details",
               "traversalSpecId": "",
               "viewDefinitionId": "9cd06060-dce4-4e4e-a870-c4e3c0ca8194"
            },
            "gridsterCoords": {
               "h": 5,
               "w": 8,
               "x": 5,
               "y": 20
            },
            "height": 267,
            "id": "29e67a74-e12a-412a-a246-10ecba6e94eb",
            "states": [{
               "key": "perm_toolbarVisible_widget_36297b0d-279e-4bdd-96c3-3ccb74a4ddd8_29e67a74-e12a-412a-a246-10ecba6e94eb",
               "value": "b%3A0"
            }],
            "title": "Reclaimable VM Snapshots Details",
            "type": "View"
         },
         {
            "collapsed": false,
            "config": {
               "chartViewItems": [],
               "isUpdatedView": true,
               "refreshContent": {"refreshContent": false},
               "refreshInterval": 300,
               "resource": null,
               "selectFirstRow": {"selectFirstRow": false},
               "selfProvider": {"selfProvider": false},
               "title": "Reclaimable Idle VMs",
               "traversalSpecId": "",
               "viewDefinitionId": "76ae764e-bc53-4e48-a570-2e9d502f013c"
            },
            "gridsterCoords": {
               "h": 5,
               "w": 8,
               "x": 5,
               "y": 15
            },
            "height": 267,
            "id": "e76bdee5-8025-47c4-afb6-c0988af46a4b",
            "states": [{
               "key": "perm_toolbarVisible_widget_36297b0d-279e-4bdd-96c3-3ccb74a4ddd8_e76bdee5-8025-47c4-afb6-c0988af46a4b",
               "value": "b%3A0"
            }],
            "title": "Reclaimable Idle VMs",
            "type": "View"
         },
         {
            "collapsed": false,
            "config": {
               "chartViewItems": [],
               "isUpdatedView": true,
               "refreshContent": {"refreshContent": false},
               "refreshInterval": 300,
               "resource": null,
               "selectFirstRow": {"selectFirstRow": false},
               "selfProvider": {"selfProvider": false},
               "title": "Reclaimable Powered Off VMs",
               "traversalSpecId": "",
               "viewDefinitionId": "611825cb-1103-4f0b-89f7-0196512ed86f"
            },
            "gridsterCoords": {
               "h": 5,
               "w": 8,
               "x": 5,
               "y": 10
            },
            "height": 267,
            "id": "e5908279-6e07-40f5-a99e-10d9a69b109f",
            "states": [{
               "key": "perm_toolbarVisible_widget_36297b0d-279e-4bdd-96c3-3ccb74a4ddd8_e5908279-6e07-40f5-a99e-10d9a69b109f",
               "value": "b%3A0"
            }],
            "title": "Reclaimable Powered Off VMs",
            "type": "View"
         },
         {
            "collapsed": false,
            "config": {
               "chartViewItems": [],
               "isUpdatedView": true,
               "refreshContent": {"refreshContent": false},
               "refreshInterval": 300,
               "resource": null,
               "selectFirstRow": {"selectFirstRow": false},
               "selfProvider": {"selfProvider": false},
               "title": "Datastores with Orphaned Disks",
               "traversalSpecId": "",
               "viewDefinitionId": "b9f0a5bc-f324-47da-b4a2-c1b8262f59e2"
            },
            "gridsterCoords": {
               "h": 5,
               "w": 8,
               "x": 5,
               "y": 25
            },
            "height": 267,
            "id": "e3f7ab14-0ec5-4e7a-84d5-ea5f33752884",
            "title": "Datastores with Orphaned Disks",
            "type": "View"
         },
         {
            "collapsed": false,
            "config": {
               "customFilter": {
                  "excludedResources": null,
                  "filter": [],
                  "includedResources": null
               },
               "depth": 1,
               "metric": {
                  "mode": "resourceKind",
                  "resourceKindMetrics": [
                     {
                        "colorMethod": 2,
                        "id": "extModel4287-1",
                        "isStringMetric": false,
                        "metricKey": "reclaimable|idle_vms|cost",
                        "metricName": "Reclaimable|Idle VMs|Potential Savings",
                        "metricUnitId": "currency",
                        "orangeBound": null,
                        "redBound": null,
                        "resourceKindId": "resourceKind:id:1_::_",
                        "resourceKindName": "Datacenter",
                        "unit": "US$",
                        "yellowBound": null
                     },
                     {
                        "colorMethod": 2,
                        "id": "extModel4287-2",
                        "isStringMetric": false,
                        "metricKey": "reclaimable|orphaned_disk|cost",
                        "metricName": "Reclaimable|Orphaned Disks|Potential Savings",
                        "metricUnitId": "currency",
                        "orangeBound": null,
                        "redBound": null,
                        "resourceKindId": "resourceKind:id:1_::_",
                        "resourceKindName": "Datacenter",
                        "unit": "US$",
                        "yellowBound": null
                     },
                     {
                        "colorMethod": 2,
                        "id": "extModel4287-3",
                        "isStringMetric": false,
                        "metricKey": "reclaimable|poweredOff_vms|cost",
                        "metricName": "Reclaimable|Powered Off VMs|Potential Savings",
                        "metricUnitId": "currency",
                        "orangeBound": null,
                        "redBound": null,
                        "resourceKindId": "resourceKind:id:1_::_",
                        "resourceKindName": "Datacenter",
                        "unit": "US$",
                        "yellowBound": null
                     },
                     {
                        "colorMethod": 2,
                        "id": "extModel4287-4",
                        "isStringMetric": false,
                        "metricKey": "reclaimable|vm_snapshots|cost",
                        "metricName": "Reclaimable|VM Snapshots|Potential Savings",
                        "metricUnitId": "currency",
                        "orangeBound": null,
                        "redBound": null,
                        "resourceKindId": "resourceKind:id:1_::_",
                        "resourceKindName": "Datacenter",
                        "unit": "US$",
                        "yellowBound": null
                     },
                     {
                        "colorMethod": 2,
                        "id": "extModel4287-5",
                        "isStringMetric": false,
                        "metricKey": "reclaimable|idle_vms|cost",
                        "metricName": "Reclaimable|Idle VMs|Potential Savings",
                        "metricUnitId": "currency",
                        "orangeBound": null,
                        "redBound": null,
                        "resourceKindId": "resourceKind:id:2_::_",
                        "resourceKindName": "Custom Datacenter",
                        "unit": "US$",
                        "yellowBound": null
                     },
                     {
                        "colorMethod": 2,
                        "id": "extModel4287-6",
                        "isStringMetric": false,
                        "metricKey": "reclaimable|orphaned_disk|cost",
                        "metricName": "Reclaimable|Orphaned Disks|Potential Savings",
                        "metricUnitId": "currency",
                        "orangeBound": null,
                        "redBound": null,
                        "resourceKindId": "resourceKind:id:2_::_",
                        "resourceKindName": "Custom Datacenter",
                        "unit": "US$",
                        "yellowBound": null
                     },
                     {
                        "colorMethod": 2,
                        "id": "extModel4287-7",
                        "isStringMetric": false,
                        "metricKey": "reclaimable|poweredOff_vms|cost",
                        "metricName": "Reclaimable|Powered Off VMs|Potential Savings",
                        "metricUnitId": "currency",
                        "orangeBound": null,
                        "redBound": null,
                        "resourceKindId": "resourceKind:id:2_::_",
                        "resourceKindName": "Custom Datacenter",
                        "unit": "US$",
                        "yellowBound": null
                     },
                     {
                        "colorMethod": 2,
                        "id": "extModel4287-8",
                        "isStringMetric": false,
                        "metricKey": "reclaimable|vm_snapshots|cost",
                        "metricName": "Reclaimable|VM Snapshots|Potential Savings",
                        "metricUnitId": "currency",
                        "orangeBound": null,
                        "redBound": null,
                        "resourceKindId": "resourceKind:id:2_::_",
                        "resourceKindName": "Custom Datacenter",
                        "unit": "US$",
                        "yellowBound": null
                     },
                     {
                        "colorMethod": 2,
                        "id": "extModel4287-9",
                        "isStringMetric": false,
                        "metricKey": "reclaimable|idle_vms|cost",
                        "metricName": "Reclaimable|Idle VMs|Potential Savings",
                        "metricUnitId": "currency",
                        "orangeBound": null,
                        "redBound": null,
                        "resourceKindId": "resourceKind:id:0_::_",
                        "resourceKindName": "Cluster Compute Resource",
                        "unit": "US$",
                        "yellowBound": null
                     },
                     {
                        "colorMethod": 2,
                        "id": "extModel4287-10",
                        "isStringMetric": false,
                        "metricKey": "reclaimable|poweredOff_vms|cost",
                        "metricName": "Reclaimable|Powered Off VMs|Potential Savings",
                        "metricUnitId": "currency",
                        "orangeBound": null,
                        "redBound": null,
                        "resourceKindId": "resourceKind:id:0_::_",
                        "resourceKindName": "Cluster Compute Resource",
                        "unit": "US$",
                        "yellowBound": null
                     },
                     {
                        "colorMethod": 2,
                        "id": "extModel4287-11",
                        "isStringMetric": false,
                        "metricKey": "reclaimable|vm_snapshots|cost",
                        "metricName": "Reclaimable|VM Snapshots|Potential Savings",
                        "metricUnitId": "currency",
                        "orangeBound": null,
                        "redBound": null,
                        "resourceKindId": "resourceKind:id:0_::_",
                        "resourceKindName": "Cluster Compute Resource",
                        "unit": "US$",
                        "yellowBound": null
                     },
                     {
                        "colorMethod": 2,
                        "id": "extModel4287-12",
                        "isStringMetric": false,
                        "metricKey": "reclaimable|orphaned_disk|cost",
                        "metricName": "Reclaimable|Orphaned Disks|Potential Savings",
                        "metricUnitId": "currency",
                        "orangeBound": null,
                        "redBound": null,
                        "resourceKindId": "resourceKind:id:3_::_",
                        "resourceKindName": "Datastore",
                        "unit": "US$",
                        "yellowBound": null
                     }
                  ],
                  "resourceMetrics": [],
                  "subMode": "resourceKindAll"
               },
               "refreshContent": {"refreshContent": false},
               "refreshInterval": 300,
               "relationshipMode": {"relationshipMode": 0},
               "resInteractionMode": null,
               "resource": [],
               "selfProvider": {"selfProvider": false},
               "title": "Potential Savings"
            },
            "gridsterCoords": {
               "h": 9,
               "w": 8,
               "x": 5,
               "y": 1
            },
            "height": 495,
            "id": "a4bedd59-2d7c-4e4c-9950-a7ddeddf7ad4",
            "states": [
               {
                  "key": "permBtn_stackedGraph_permMetricChart_widget_36297b0d-279e-4bdd-96c3-3ccb74a4ddd8_a4bedd59-2d7c-4e4c-9950-a7ddeddf7ad4",
                  "value": "b%3A1"
               },
               {
                  "key": "perm_toolbarVisible_widget_36297b0d-279e-4bdd-96c3-3ccb74a4ddd8_a4bedd59-2d7c-4e4c-9950-a7ddeddf7ad4",
                  "value": "b%3A0"
               },
               {
                  "key": "permMetricChart_widget_36297b0d-279e-4bdd-96c3-3ccb74a4ddd8_a4bedd59-2d7c-4e4c-9950-a7ddeddf7ad4",
                  "value": "o%3A"
               },
               {
                  "key": "permBtn_splitGraphs_permMetricChart_widget_36297b0d-279e-4bdd-96c3-3ccb74a4ddd8_a4bedd59-2d7c-4e4c-9950-a7ddeddf7ad4",
                  "value": "b%3A0"
               },
               {
                  "key": "permBtn_zoomAllGraphs_permMetricChart_widget_36297b0d-279e-4bdd-96c3-3ccb74a4ddd8_a4bedd59-2d7c-4e4c-9950-a7ddeddf7ad4",
                  "value": "b%3A0"
               },
               {
                  "key": "permDateRange1_permMetricChart_widget_36297b0d-279e-4bdd-96c3-3ccb74a4ddd8_a4bedd59-2d7c-4e4c-9950-a7ddeddf7ad4",
                  "value": "s%3A%7B%22dateRange%22%3A%22last30Days%22%2C%22dateFrom%22%3Anull%2C%22dateTo%22%3Anull%2C%22timeFrom%22%3Anull%2C%22timeTo%22%3Anull%7D"
               },
               {
                  "key": "permBtn_pan_permMetricChart_widget_36297b0d-279e-4bdd-96c3-3ccb74a4ddd8_a4bedd59-2d7c-4e4c-9950-a7ddeddf7ad4",
                  "value": "b%3A0"
               }
            ],
            "title": "Potential Savings",
            "type": "MetricChart"
         }
      ]
   }],
   "entries": {"resourceKind": [
      {
         "adapterKindKey": "VMWARE",
         "internalId": "resourceKind:id:1_::_",
         "resourceKindKey": "Datacenter"
      },
      {
         "adapterKindKey": "VMWARE",
         "internalId": "resourceKind:id:2_::_",
         "resourceKindKey": "CustomDatacenter"
      },
      {
         "adapterKindKey": "VMWARE",
         "internalId": "resourceKind:id:0_::_",
         "resourceKindKey": "ClusterComputeResource"
      },
      {
         "adapterKindKey": "VMWARE",
         "internalId": "resourceKind:id:3_::_",
         "resourceKindKey": "Datastore"
      }
   ]},
   "uuid": "4748936e-16c0-4543-b156-4678fa8661e2"
}